material,d_true,d_hat,err,oxide_hat,oxide_true,sd_nm,n_modes
graphene,3.53664,3.68043,0.14379,284.267,285.0,0.20436,1
graphene,7.72303,8.20699,0.48396,280.755,285.0,0.17911,1
graphene,0.71838,0.7149,-0.00348,286.065,285.0,0.02999,1
graphene,2.93204,2.85851,-0.07353,285.827,285.0,0.16887,1
graphene,1.64174,1.65756,0.01581,284.876,285.0,0.07751,1
graphene,21.95832,21.728,-0.23032,284.694,285.0,0.36194,2
graphene,1.17416,1.17126,-0.0029,285.359,285.0,0.05042,1
graphene,108.25226,112.29598,4.04373,285.956,285.0,14.80825,2
graphene,6.00979,5.6271,-0.38269,287.71,285.0,0.42422,1
graphene,14.83939,14.88002,0.04063,285.429,285.0,0.20775,1
graphene,105.20138,113.33408,8.1327,285.538,285.0,15.79132,2
graphene,10.17165,10.13927,-0.03239,287.124,285.0,0.23518,1
graphene,8.93633,8.37261,-0.56371,284.921,285.0,0.31758,1
graphene,1.19537,1.1024,-0.09298,285.837,285.0,0.03857,1
graphene,1.33497,1.29022,-0.04475,285.901,285.0,0.05275,1
graphene,4.37406,4.51454,0.14048,285.552,285.0,0.36294,1
graphene,2.0931,1.89802,-0.19507,285.846,285.0,0.07584,1
graphene,6.14031,5.21123,-0.92908,287.09,285.0,0.42803,1
graphene,82.80586,73.08316,-9.7227,285.116,285.0,2.1867,2
graphene,20.55115,20.35264,-0.19851,284.778,285.0,0.31366,1
graphene,2.51356,2.21987,-0.29369,286.859,285.0,0.08201,1
graphene,7.10901,7.03961,-0.0694,284.29,285.0,0.301,1
graphene,1.25183,1.34099,0.08915,283.922,285.0,0.0627,1
graphene,0.57467,0.55723,-0.01744,285.602,285.0,0.02636,1
graphene,10.0475,10.46098,0.41348,280.569,285.0,0.18679,1
graphene,8.7148,8.79535,0.08056,283.416,285.0,0.27343,1
graphene,0.76145,0.76141,-4e-05,284.071,285.0,0.03506,1
graphene,0.83278,0.80901,-0.02377,284.732,285.0,0.03181,1
graphene,7.04465,7.29501,0.25037,282.404,285.0,0.24485,1
graphene,57.12512,57.26133,0.13621,284.899,285.0,0.96642,2
graphene,5.27843,5.34045,0.06201,284.783,285.0,0.34687,1
graphene,10.90939,11.01054,0.10115,285.96,285.0,0.22728,1
graphene,0.74303,0.76514,0.02212,284.398,285.0,0.03444,1
graphene,65.65579,65.34262,-0.31317,284.539,285.0,1.29458,2
graphene,4.68374,5.27085,0.58711,282.03,285.0,0.31908,1
graphene,2.74811,2.68722,-0.06089,285.727,285.0,0.14931,1
graphene,0.77637,0.7529,-0.02348,286.8,285.0,0.02581,1
graphene,4.18324,4.71101,0.52777,283.074,285.0,0.42994,1
graphene,2.29468,2.29417,-0.00051,285.819,285.0,0.1059,1
graphene,1.80924,1.79297,-0.01626,286.047,285.0,0.07606,1
graphene,6.56703,6.74027,0.17323,283.716,285.0,0.34053,1
graphene,45.7996,46.90315,1.10355,283.904,285.0,1.7353,1
graphene,5.50183,5.1808,-0.32103,287.316,285.0,0.38103,1
graphene,9.30066,9.39682,0.09616,286.205,285.0,0.2801,1
graphene,57.43081,55.37942,-2.0514,285.718,285.0,1.04391,1
graphene,0.60121,0.66004,0.05884,283.873,285.0,0.02808,1
graphene,42.06981,42.47463,0.40482,287.435,285.0,2.68308,1
graphene,13.76844,13.81306,0.04462,285.671,285.0,0.2174,1
graphene,0.63617,0.64985,0.01368,284.033,285.0,0.03303,1
graphene,2.32125,2.43066,0.10941,284.587,285.0,0.10775,1
graphene,63.58012,63.06943,-0.51069,285.038,285.0,0.98389,2
graphene,9.84741,10.08746,0.24006,283.708,285.0,0.24143,1
graphene,0.47201,0.48607,0.01406,284.465,285.0,0.02305,1
graphene,8.09664,7.99127,-0.10537,283.517,285.0,0.322,1
graphene,16.49686,15.79416,-0.7027,288.265,285.0,0.2884,1
graphene,62.20505,63.38971,1.18465,285.504,285.0,1.82282,2
graphene,0.8779,0.88171,0.0038,283.773,285.0,0.03453,1
graphene,60.54413,60.1403,-0.40382,283.673,285.0,1.61402,1
graphene,107.37559,96.82155,-10.55404,283.153,285.0,6.59499,2
graphene,3.14434,3.20197,0.05763,284.528,285.0,0.23383,1
graphene,64.19902,66.49513,2.29611,285.582,285.0,2.19901,2
graphene,19.89399,19.853,-0.041,285.113,285.0,0.29314,2
graphene,2.848,2.77361,-0.07439,285.136,285.0,0.17885,1
graphene,80.80232,76.27998,-4.52234,283.25,285.0,3.04175,2
graphene,3.21206,3.17315,-0.0389,284.835,285.0,0.22325,1
graphene,13.89281,13.83513,-0.05768,285.995,285.0,0.23327,1
graphene,2.4108,2.4346,0.0238,284.491,285.0,0.14901,1
graphene,87.97257,86.22255,-1.75002,283.779,285.0,2.66657,2
graphene,44.90812,43.59781,-1.31031,286.069,285.0,2.21177,1
graphene,1.22587,1.20019,-0.02568,285.37,285.0,0.0536,1
graphene,0.69678,0.72591,0.02914,284.995,285.0,0.03033,1
graphene,39.59267,39.24944,-0.34323,285.136,285.0,2.08334,1
graphene,99.22414,97.11917,-2.10497,284.243,285.0,4.77281,2
graphene,88.64378,81.22544,-7.41834,284.648,285.0,3.282,2
graphene,22.19931,22.64284,0.44353,285.821,285.0,0.42882,2
graphene,112.57224,122.08243,9.51019,286.172,285.0,12.9413,2
graphene,31.94079,34.01906,2.07827,282.859,285.0,1.20703,1
graphene,17.4738,17.95667,0.48287,282.783,285.0,0.26222,1
graphene,2.4086,2.70588,0.29728,283.928,285.0,0.14439,1
graphene,0.61139,0.6034,-0.00799,284.086,285.0,0.02607,1
mos2,96.61838,45.24585,-51.37253,279.912,285.0,0.76841,3
mos2,23.31594,24.33302,1.01708,284.184,285.0,2.22863,1
mos2,7.26451,7.39745,0.13294,284.756,285.0,0.18422,1
mos2,12.10968,12.10476,-0.00493,285.924,285.0,0.24702,3
mos2,16.36317,16.601,0.23783,283.624,285.0,0.63675,2
mos2,1.84057,1.83711,-0.00346,283.595,285.0,0.10844,1
mos2,19.20428,19.2123,0.00802,285.366,285.0,1.13157,2
mos2,0.90096,0.90462,0.00366,285.086,285.0,0.03463,1
mos2,6.69765,6.69596,-0.00169,285.109,285.0,0.07659,1
mos2,1.3559,1.42039,0.06449,283.95,285.0,0.08207,1
mos2,4.66672,4.6953,0.02858,289.563,285.0,0.04512,1
mos2,2.78267,2.74531,-0.03737,284.963,285.0,0.10804,1
mos2,5.91522,6.04003,0.12482,282.402,285.0,0.12569,1
mos2,0.8888,0.87752,-0.01127,285.336,285.0,0.03723,1
mos2,1.00194,1.06144,0.0595,283.895,285.0,0.04896,1
mos2,8.6228,8.68915,0.06635,285.466,285.0,0.18178,2
mos2,19.03251,28.2423,9.20979,280.494,285.0,1.46123,2
mos2,2.61467,2.55753,-0.05714,284.983,285.0,0.10892,1
mos2,0.68362,0.65397,-0.02965,285.42,285.0,0.01639,1
mos2,16.78061,17.90483,1.12422,282.591,285.0,0.90391,2
mos2,2.08194,1.8744,-0.20754,289.333,285.0,0.08119,1
mos2,0.97322,0.98863,0.0154,284.945,285.0,0.03637,1
mos2,66.68045,68.09135,1.4109,285.499,285.0,2.28298,2
mos2,1.70415,1.78526,0.08111,282.724,285.0,0.08269,1
mos2,3.23263,3.26723,0.0346,284.423,285.0,0.09481,1
mos2,12.81103,12.80964,-0.00138,284.897,285.0,0.26031,3
mos2,111.26499,106.92609,-4.3389,284.467,285.0,3.24606,4
mos2,0.84361,0.85587,0.01226,284.808,285.0,0.03607,1
mos2,3.43166,3.393,-0.03866,283.871,285.0,0.08335,1
mos2,114.34654,79.86964,-34.47691,286.831,285.0,1.61058,3
mos2,19.65949,27.33585,7.67636,281.282,285.0,1.56464,2
mos2,2.03573,1.92407,-0.11166,287.923,285.0,0.09199,1
mos2,38.34553,38.22659,-0.11894,285.037,285.0,1.15988,2
mos2,1.30364,1.38924,0.0856,283.35,285.0,0.08677,1
mos2,60.91245,61.45102,0.53857,284.714,285.0,1.24811,2
mos2,104.70577,84.74837,-19.9574,287.499,285.0,2.56822,4
mos2,68.25746,66.23762,-2.01984,282.986,285.0,1.32888,4
mos2,3.41811,3.4148,-0.00331,285.483,285.0,0.08309,1
mos2,3.50082,3.52501,0.02419,282.525,285.0,0.09555,1
mos2,99.76023,92.70897,-7.05126,285.652,285.0,9.24782,3
mos2,4.43509,4.3975,-0.03759,284.429,285.0,0.05458,1
mos2,3.52173,3.60411,0.08238,282.193,285.0,0.12609,1
mos2,13.54921,13.46276,-0.08645,284.874,285.0,0.28511,3
mos2,2.89696,3.00551,0.10855,284.995,285.0,0.113,1
mos2,4.42888,4.44767,0.01879,287.891,285.0,0.04881,1
mos2,18.80984,18.01779,-0.79204,284.462,285.0,0.91176,2
mos2,4.8166,4.96736,0.15076,283.171,285.0,0.14792,1
mos2,81.24089,81.07245,-0.16844,286.897,285.0,2.4595,3
mos2,19.5606,28.01107,8.45048,280.49,285.0,1.48389,2
mos2,31.47859,31.30079,-0.1778,284.432,285.0,1.26819,1
mos2,5.15429,4.99509,-0.1592,288.166,285.0,0.07764,1
mos2,0.89971,0.8415,-0.05822,286.226,285.0,0.01913,1
mos2,10.13787,10.03406,-0.10381,284.312,285.0,0.17695,3
mos2,1.90359,1.85083,-0.05276,286.374,285.0,0.09477,1
mos2,4.12399,4.07528,-0.0487,284.961,285.0,0.06454,1
mos2,3.10238,3.15015,0.04777,283.26,285.0,0.12814,1
mos2,0.78994,0.83483,0.04488,282.832,285.0,0.03136,1
mos2,15.27193,15.49117,0.21923,283.058,285.0,0.56051,2
mos2,73.71632,72.28662,-1.4297,285.518,285.0,1.86816,2
mos2,52.70672,53.18943,0.48271,284.879,285.0,0.64413,4
mos2,0.63354,0.6277,-0.00584,285.533,285.0,0.02148,1
mos2,2.79713,2.90304,0.10591,283.921,285.0,0.15411,1
mos2,83.31315,83.21685,-0.0963,285.443,285.0,2.18145,4
mos2,1.33292,1.27907,-0.05385,285.546,285.0,0.04111,1
mos2,14.14701,14.14422,-0.00279,285.045,285.0,0.3474,2
mos2,6.35518,6.35232,-0.00286,285.199,285.0,0.09299,1
mos2,49.46704,105.26348,55.79644,290.177,285.0,4.013,4
mos2,99.4568,87.82149,-11.63531,287.094,285.0,3.96563,3
mos2,26.14701,27.76837,1.62136,283.246,285.0,2.12436,1
mos2,25.14569,23.94279,-1.20289,285.333,285.0,2.36933,1
mos2,95.93284,44.97701,-50.95583,279.333,285.0,0.75848,3
mos2,2.05188,2.11868,0.0668,283.084,285.0,0.13998,1
mos2,2.40599,2.17169,-0.2343,289.934,285.0,0.0868,1
mos2,73.8289,74.24844,0.41954,285.739,285.0,1.45686,3
mos2,30.66203,30.29648,-0.36555,284.916,285.0,1.24587,2
mos2,1.18537,1.16395,-0.02142,283.185,285.0,0.05468,1
mos2,87.40111,86.94427,-0.45684,285.105,285.0,3.01544,3
mos2,22.17837,20.95827,-1.22011,285.314,285.0,1.70916,1
mos2,2.59558,2.51398,-0.0816,286.363,285.0,0.11269,1
mos2,11.73595,11.63083,-0.10512,284.201,285.0,0.18482,2
hbn,2.29189,2.07479,-0.21709,284.982,285.0,0.11812,1
hbn,4.49222,4.3841,-0.10813,286.71,285.0,0.2485,1
hbn,7.73351,7.60792,-0.1256,285.021,285.0,0.47118,1
hbn,0.4034,0.33029,-0.07312,284.218,285.0,0.03003,1
hbn,2.96875,3.17931,0.21055,285.258,285.0,0.18136,1
hbn,27.20572,27.43413,0.22841,284.821,285.0,1.24602,2
hbn,2.85147,2.90136,0.0499,285.436,285.0,0.15653,1
hbn,0.57243,0.58932,0.01689,284.569,285.0,0.04133,1
hbn,8.33961,8.79546,0.45585,284.124,285.0,0.2494,1
hbn,1.15808,1.06084,-0.09724,281.377,285.0,0.0601,1
hbn,11.45927,12.37772,0.91845,282.892,285.0,0.7158,1
hbn,64.03091,63.60478,-0.42613,284.816,285.0,1.76681,2
hbn,67.44472,68.57841,1.13369,284.036,285.0,2.74097,1
hbn,0.87395,0.80149,-0.07246,284.478,285.0,0.05027,1
hbn,0.49417,0.46786,-0.0263,284.771,285.0,0.038,1
hbn,2.58172,2.56508,-0.01664,285.012,285.0,0.14094,1
hbn,1.24736,1.20951,-0.03785,286.384,285.0,0.06091,1
hbn,40.50153,41.34374,0.84221,285.349,285.0,1.94535,2
hbn,3.53811,3.39462,-0.14349,283.505,285.0,0.18928,1
hbn,77.332,75.83595,-1.49604,287.307,285.0,3.85508,2
hbn,14.59016,14.47622,-0.11393,284.773,285.0,0.40403,1
hbn,0.67043,0.63951,-0.03091,285.689,285.0,0.04556,1
hbn,2.0266,1.91745,-0.10915,284.191,285.0,0.11318,1
hbn,0.4498,0.44198,-0.00782,283.264,285.0,0.0268,1
hbn,0.57564,0.54746,-0.02818,282.487,285.0,0.03538,1
hbn,10.30294,10.19827,-0.10467,284.635,285.0,0.37492,1
hbn,5.20517,5.34384,0.13867,285.036,285.0,0.24034,1
hbn,0.47756,0.4939,0.01634,285.25,285.0,0.03523,1
hbn,46.17731,58.27064,12.09334,279.499,285.0,3.41018,1
hbn,0.49936,0.45313,-0.04623,283.878,285.0,0.03578,1
hbn,71.77169,64.42936,-7.34233,285.271,285.0,3.27319,1
hbn,3.30047,3.32671,0.02624,284.773,285.0,0.17505,1
hbn,0.86058,0.86387,0.00329,284.196,285.0,0.05788,1
hbn,92.88357,93.28508,0.40151,285.941,285.0,0.46065,2
hbn,5.49703,5.52111,0.02408,284.52,285.0,0.25244,1
hbn,0.64657,0.58641,-0.06016,285.305,285.0,0.04193,1
hbn,3.0139,3.06866,0.05477,285.277,285.0,0.16011,1
hbn,107.32114,107.41325,0.09211,284.531,285.0,0.80214,1
hbn,0.4076,0.4771,0.0695,286.846,285.0,0.03922,1
hbn,109.27876,106.38552,-2.89324,282.448,285.0,0.66226,1
hbn,92.38595,92.43416,0.0482,285.016,285.0,0.48652,2
hbn,34.23815,36.22793,1.98978,284.839,285.0,2.16016,1
hbn,3.64941,3.87668,0.22726,285.009,285.0,0.16363,1
hbn,3.58137,3.66005,0.07868,284.51,285.0,0.15723,1
hbn,1.95001,1.96675,0.01674,284.501,285.0,0.06831,1
hbn,0.50517,0.53064,0.02547,285.673,285.0,0.02783,1
hbn,72.78332,67.10647,-5.67685,285.649,285.0,3.4171,1
hbn,0.54266,0.52802,-0.01464,285.604,285.0,0.03847,1
hbn,9.84322,10.31593,0.47271,286.53,285.0,0.34807,1
hbn,3.06725,2.81387,-0.25338,283.174,285.0,0.16117,1
hbn,5.75739,5.64057,-0.11681,284.396,285.0,0.24663,1
hbn,0.71855,0.72034,0.00179,286.063,285.0,0.04776,1
hbn,0.61489,0.59462,-0.02027,283.381,285.0,0.03802,1
hbn,73.17537,71.41015,-1.76522,284.858,285.0,5.16582,1
hbn,17.2105,18.09662,0.88612,283.83,285.0,0.47986,1
hbn,8.70204,8.83104,0.129,285.979,285.0,0.25585,1
hbn,21.53973,23.18096,1.64123,284.718,285.0,0.85901,1
hbn,0.39928,0.37997,-0.01931,284.209,285.0,0.03133,1
hbn,23.75481,23.40653,-0.34828,287.777,285.0,0.72388,1
hbn,1.2789,1.29105,0.01216,284.076,285.0,0.05046,1
hbn,60.83809,58.84754,-1.99055,285.699,285.0,2.0071,2
hbn,1.53277,1.60781,0.07504,285.529,285.0,0.10342,1
hbn,0.94527,0.9624,0.01713,284.75,285.0,0.03922,1
hbn,29.23622,31.70049,2.46427,283.457,285.0,1.5163,2
hbn,18.34635,17.64887,-0.69748,288.084,285.0,0.46557,1
hbn,7.74015,7.74676,0.00661,284.774,285.0,0.26015,1
hbn,2.36868,2.23514,-0.13354,283.807,285.0,0.1258,1
hbn,13.36129,13.54945,0.18816,285.238,285.0,0.37172,1
hbn,72.68594,78.01619,5.33025,282.66,285.0,5.68183,2
hbn,32.49355,36.11751,3.62396,282.958,285.0,1.93443,1
hbn,13.49732,13.39664,-0.10067,284.665,285.0,0.37434,1
hbn,3.54474,3.72536,0.18061,285.688,285.0,0.14706,1
hbn,1.33648,1.25951,-0.07698,284.225,285.0,0.07317,1
hbn,73.87701,74.75685,0.87984,284.998,285.0,5.67704,2
hbn,9.95756,10.50735,0.5498,287.492,285.0,0.33426,1
hbn,90.82845,90.47341,-0.35503,284.682,285.0,0.67432,2
hbn,8.41138,8.47325,0.06187,284.739,285.0,0.2565,1
hbn,116.57239,116.37851,-0.19388,285.946,285.0,0.86026,1
hbn,71.75147,71.62214,-0.12933,285.037,285.0,5.40193,1
hbn,90.61158,89.04693,-1.56465,284.353,285.0,0.78551,2
wse2,2.79655,2.84312,0.04657,284.303,285.0,0.06034,1
wse2,3.30754,3.24088,-0.06666,286.496,285.0,0.09058,1
wse2,1.84868,1.86736,0.01868,284.445,285.0,0.05324,1
wse2,29.11675,27.40107,-1.71568,285.543,285.0,0.95069,1
wse2,62.637,61.69332,-0.94367,284.27,285.0,2.37691,2
wse2,21.90821,26.2419,4.33369,285.477,285.0,1.63967,1
wse2,4.3168,4.34726,0.03046,285.303,285.0,0.04462,1
wse2,11.76956,11.74148,-0.02808,284.987,285.0,0.36031,1
wse2,76.4231,80.04418,3.62108,283.417,285.0,2.10371,3
wse2,0.78269,0.79752,0.01483,284.668,285.0,0.02446,1
wse2,0.68574,0.73629,0.05055,282.129,285.0,0.02898,1
wse2,5.38624,5.40969,0.02344,285.011,285.0,0.05746,1
wse2,9.66828,9.66463,-0.00365,284.82,285.0,0.23102,4
wse2,71.89667,72.69243,0.79575,285.468,285.0,1.05455,4
wse2,7.11329,7.1808,0.06751,285.736,285.0,0.14264,1
wse2,36.84326,37.51476,0.67149,284.462,285.0,0.48657,1
wse2,0.96787,0.98053,0.01266,283.693,285.0,0.02889,1
wse2,4.43737,4.47842,0.04105,283.897,285.0,0.05207,1
wse2,13.6414,13.48964,-0.15176,284.969,285.0,0.53247,2
wse2,24.65332,27.22899,2.57567,283.306,285.0,1.6298,1
wse2,0.75999,0.77107,0.01109,284.471,285.0,0.02539,1
wse2,1.39406,1.36595,-0.02812,284.706,285.0,0.02459,1
wse2,8.17667,8.48288,0.30621,286.171,285.0,0.2466,4
wse2,15.75884,15.97285,0.214,285.419,285.0,0.59748,2
wse2,6.29859,6.48282,0.18422,283.767,285.0,0.10187,1
wse2,5.33189,5.4507,0.11881,283.741,285.0,0.11476,1
wse2,118.48583,118.98754,0.50171,285.202,285.0,3.57482,4
wse2,9.20909,9.36635,0.15726,285.931,285.0,0.23272,4
wse2,1.70541,1.75925,0.05384,285.236,285.0,0.05415,1
wse2,73.13023,72.89561,-0.23462,285.581,285.0,1.28057,3
wse2,3.1357,3.19735,0.06165,284.274,285.0,0.07986,1
wse2,115.71179,115.32149,-0.3903,284.921,285.0,2.59141,4
wse2,1.09915,1.05748,-0.04167,285.015,285.0,0.0231,1
wse2,5.66236,5.86003,0.19767,282.817,285.0,0.18081,1
wse2,1.19384,1.16444,-0.0294,284.154,285.0,0.02669,1
wse2,0.82942,0.84706,0.01764,286.581,285.0,0.02011,1
wse2,4.91769,5.00797,0.09029,284.467,285.0,0.10233,1
wse2,1.00097,1.00831,0.00734,283.091,285.0,0.0309,1
wse2,34.62305,34.78366,0.16061,285.133,285.0,0.49015,2
wse2,70.68289,71.23466,0.55177,285.698,285.0,1.54081,2
wse2,38.26526,38.12356,-0.1417,285.105,285.0,0.46019,2
wse2,5.65957,5.81083,0.15126,284.099,285.0,0.06183,1
wse2,30.69341,30.45494,-0.23848,284.701,285.0,0.70734,1
wse2,1.63849,1.69315,0.05466,284.96,285.0,0.03281,1
wse2,7.08399,7.39701,0.31301,286.738,285.0,0.17327,2
wse2,1.75844,1.73845,-0.01999,283.482,285.0,0.04475,1
wse2,3.67172,3.63727,-0.03445,284.869,285.0,0.04833,1
wse2,2.28861,2.29581,0.0072,285.77,285.0,0.04595,1
wse2,3.73974,3.82935,0.08961,283.967,285.0,0.14462,1
wse2,63.88804,64.66975,0.78171,284.942,285.0,2.29684,1
wse2,56.12267,54.69789,-1.42479,282.993,285.0,0.40387,3
wse2,106.85673,106.17918,-0.67755,285.142,285.0,2.55398,4
wse2,7.61069,7.48378,-0.12691,284.143,285.0,0.12198,2
wse2,11.19406,11.07867,-0.11539,284.734,285.0,0.34938,2
wse2,100.75589,81.02244,-19.73345,289.326,285.0,2.27249,4
wse2,9.05547,9.19821,0.14274,285.314,285.0,0.21158,4
wse2,15.74448,15.74098,-0.0035,285.555,285.0,0.58789,2
wse2,15.9733,16.8929,0.9196,285.158,285.0,0.83494,2
wse2,11.24962,11.54565,0.29603,285.097,285.0,0.27888,4
wse2,16.26469,16.06186,-0.20282,284.747,285.0,0.81967,1
wse2,18.69679,19.53422,0.83743,284.994,285.0,1.07113,1
wse2,74.04364,75.39329,1.34965,284.891,285.0,1.15668,3
wse2,22.21889,23.43061,1.21172,284.525,285.0,1.96005,1
wse2,1.88612,1.7952,-0.09092,282.11,285.0,0.04019,1
wse2,56.59811,56.46894,-0.12916,285.397,285.0,0.64033,4
wse2,1.07612,1.0278,-0.04831,286.302,285.0,0.02083,1
wse2,58.67734,59.25076,0.57341,286.017,285.0,1.21685,2
wse2,13.44215,13.23298,-0.20917,285.179,285.0,0.44489,1
wse2,3.69653,3.6801,-0.01643,286.25,285.0,0.04963,1
wse2,56.70055,56.58864,-0.11191,285.155,285.0,0.6285,2
wse2,7.39334,7.34728,-0.04606,284.983,285.0,0.14531,2
wse2,43.09129,43.73098,0.6397,284.657,285.0,0.75228,3
wse2,1.40107,1.46602,0.06495,286.389,285.0,0.03574,1
wse2,4.7274,4.86749,0.14009,283.983,285.0,0.0549,1
wse2,15.9123,16.0911,0.1788,284.128,285.0,0.64727,2
wse2,25.95635,26.15571,0.19936,284.986,285.0,1.31091,1
wse2,4.64067,4.64527,0.0046,286.83,285.0,0.0736,1
wse2,36.66452,36.04395,-0.62057,285.15,285.0,0.41403,1
wse2,2.63347,2.61712,-0.01635,285.727,285.0,0.046,1
wse2,56.38415,56.53694,0.15279,285.525,285.0,0.59479,2
